{"cameraMode":{"drawMode":0,"name":"Shaded","section":"Shading Mode"},"sceneLighting":false,"audioPlay":false,"sceneViewState":{"showFog":true,"showMaterialUpdate":false,"showSkybox":false,"showFlares":true,"showImageEffects":true,"showParticleSystems":true},"in2DMode":false,"pivot":{"x":1.3962855339050294,"y":5.594368934631348,"z":7.330400466918945},"rotation":{"x":0.0006433429080061615,"y":0.9992654919624329,"z":-0.032987747341394427,"w":0.019488150253891946},"size":4.029812812805176,"orthographic":false}